week_start,rank,gateway_id,score,reason
2026-02-02,1,0A2778A31BE3,43.0,43 hour(s) beyond 3 sigma of this gateway's own 28-day baseline in the last 7 days; first breach on disconnection_cnt
2026-02-02,2,0E1B6F4DBA34,26.0,26 hour(s) beyond 3 sigma of this gateway's own 28-day baseline in the last 7 days; first breach on offline_duration_sec
2026-02-02,3,06F49BD8F572,26.0,26 hour(s) beyond 3 sigma of this gateway's own 28-day baseline in the last 7 days; first breach on disconnection_cnt
2026-02-02,4,064AED1EC0AA,26.0,26 hour(s) beyond 3 sigma of this gateway's own 28-day baseline in the last 7 days; first breach on disconnection_cnt
2026-02-02,5,0EF023E6452D,23.0,23 hour(s) beyond 3 sigma of this gateway's own 28-day baseline in the last 7 days; first breach on disconnection_cnt
2026-02-02,6,0A6324E3E043,22.0,22 hour(s) beyond 3 sigma of this gateway's own 28-day baseline in the last 7 days; first breach on disconnection_cnt
2026-02-02,7,0A4E33E2692B,22.0,22 hour(s) beyond 3 sigma of this gateway's own 28-day baseline in the last 7 days; first breach on disconnection_cnt
2026-02-02,8,02EBC6CD4398,20.0,20 hour(s) beyond 3 sigma of this gateway's own 28-day baseline in the last 7 days; first breach on disconnection_cnt
2026-02-02,9,0AA473D2FC17,20.0,20 hour(s) beyond 3 sigma of this gateway's own 28-day baseline in the last 7 days; first breach on disconnection_cnt
2026-02-02,10,0A7AC5BDAF86,19.0,19 hour(s) beyond 3 sigma of this gateway's own 28-day baseline in the last 7 days; first breach on disconnection_cnt
2026-02-02,11,0EE09EDA649F,19.0,19 hour(s) beyond 3 sigma of this gateway's own 28-day baseline in the last 7 days; first breach on offline_duration_sec
2026-02-02,12,06FFEC2EFA5E,19.0,19 hour(s) beyond 3 sigma of this gateway's own 28-day baseline in the last 7 days; first breach on offline_duration_sec
2026-02-02,13,0A1FB1C98A92,19.0,19 hour(s) beyond 3 sigma of this gateway's own 28-day baseline in the last 7 days; first breach on disconnection_cnt
2026-02-02,14,06F2CDBD2C41,19.0,19 hour(s) beyond 3 sigma of this gateway's own 28-day baseline in the last 7 days; first breach on disconnection_cnt
2026-02-02,15,0A3528D089D9,18.0,18 hour(s) beyond 3 sigma of this gateway's own 28-day baseline in the last 7 days; first breach on disconnection_cnt
2026-02-09,1,0A68F38A6ACF,40.0,40 hour(s) beyond 3 sigma of this gateway's own 28-day baseline in the last 7 days; first breach on disconnection_cnt
2026-02-09,2,0228A99EE35A,34.0,34 hour(s) beyond 3 sigma of this gateway's own 28-day baseline in the last 7 days; first breach on disconnection_cnt
2026-02-09,3,0A3983033084,24.0,24 hour(s) beyond 3 sigma of this gateway's own 28-day baseline in the last 7 days; first breach on disconnection_cnt
2026-02-09,4,0AA296FF247D,22.0,22 hour(s) beyond 3 sigma of this gateway's own 28-day baseline in the last 7 days; first breach on offline_duration_sec
2026-02-09,5,0A1FB1C98A92,21.0,21 hour(s) beyond 3 sigma of this gateway's own 28-day baseline in the last 7 days; first breach on offline_duration_sec
2026-02-09,6,06D6B7018E15,21.0,21 hour(s) beyond 3 sigma of this gateway's own 28-day baseline in the last 7 days; first breach on offline_duration_sec
2026-02-09,7,02097AB58D3C,21.0,21 hour(s) beyond 3 sigma of this gateway's own 28-day baseline in the last 7 days; first breach on offline_duration_sec
2026-02-09,8,0A6324E3E043,19.0,19 hour(s) beyond 3 sigma of this gateway's own 28-day baseline in the last 7 days; first breach on reboot_cnt
2026-02-09,9,0A71A6F9D6C6,19.0,19 hour(s) beyond 3 sigma of this gateway's own 28-day baseline in the last 7 days; first breach on disconnection_cnt
2026-02-09,10,0E9DC914D8DF,19.0,19 hour(s) beyond 3 sigma of this gateway's own 28-day baseline in the last 7 days; first breach on disconnection_cnt
2026-02-09,11,0A4E33E2692B,19.0,19 hour(s) beyond 3 sigma of this gateway's own 28-day baseline in the last 7 days; first breach on disconnection_cnt
2026-02-09,12,06D84598CCB4,18.0,18 hour(s) beyond 3 sigma of this gateway's own 28-day baseline in the last 7 days; first breach on disconnection_cnt
2026-02-09,13,0A7AC5BDAF86,17.0,17 hour(s) beyond 3 sigma of this gateway's own 28-day baseline in the last 7 days; first breach on disconnection_cnt
2026-02-09,14,0230D261A1CD,16.0,16 hour(s) beyond 3 sigma of this gateway's own 28-day baseline in the last 7 days; first breach on offline_duration_sec
2026-02-09,15,06787526FEB3,16.0,16 hour(s) beyond 3 sigma of this gateway's own 28-day baseline in the last 7 days; first breach on offline_duration_sec
2026-02-16,1,0A4673793B3E,38.0,38 hour(s) beyond 3 sigma of this gateway's own 28-day baseline in the last 7 days; first breach on disconnection_cnt
2026-02-16,2,0228A99EE35A,35.0,35 hour(s) beyond 3 sigma of this gateway's own 28-day baseline in the last 7 days; first breach on reboot_cnt
2026-02-16,3,0AA296FF247D,32.0,32 hour(s) beyond 3 sigma of this gateway's own 28-day baseline in the last 7 days; first breach on offline_duration_sec
2026-02-16,4,065B928716CD,31.0,31 hour(s) beyond 3 sigma of this gateway's own 28-day baseline in the last 7 days; first breach on offline_duration_sec
2026-02-16,5,0A68F38A6ACF,30.0,30 hour(s) beyond 3 sigma of this gateway's own 28-day baseline in the last 7 days; first breach on offline_duration_sec
2026-02-16,6,02D49A34B2FE,29.0,29 hour(s) beyond 3 sigma of this gateway's own 28-day baseline in the last 7 days; first breach on reboot_cnt
2026-02-16,7,0A4E33E2692B,25.0,25 hour(s) beyond 3 sigma of this gateway's own 28-day baseline in the last 7 days; first breach on reboot_cnt
2026-02-16,8,0E69C64B6E57,25.0,25 hour(s) beyond 3 sigma of this gateway's own 28-day baseline in the last 7 days; first breach on offline_duration_sec
2026-02-16,9,0A6324E3E043,24.0,24 hour(s) beyond 3 sigma of this gateway's own 28-day baseline in the last 7 days; first breach on offline_duration_sec
2026-02-16,10,06F170E6BB03,23.0,23 hour(s) beyond 3 sigma of this gateway's own 28-day baseline in the last 7 days; first breach on disconnection_cnt
2026-02-16,11,0A68DF0B3D07,22.0,22 hour(s) beyond 3 sigma of this gateway's own 28-day baseline in the last 7 days; first breach on disconnection_cnt
2026-02-16,12,06238EE3BE6C,21.0,21 hour(s) beyond 3 sigma of this gateway's own 28-day baseline in the last 7 days; first breach on reboot_cnt
2026-02-16,13,0A7AAFDD9E11,21.0,21 hour(s) beyond 3 sigma of this gateway's own 28-day baseline in the last 7 days; first breach on disconnection_cnt
2026-02-16,14,0230D261A1CD,20.0,20 hour(s) beyond 3 sigma of this gateway's own 28-day baseline in the last 7 days; first breach on disconnection_cnt
2026-02-16,15,060EE3CB4779,19.0,19 hour(s) beyond 3 sigma of this gateway's own 28-day baseline in the last 7 days; first breach on offline_duration_sec
2026-02-23,1,0228A99EE35A,39.0,39 hour(s) beyond 3 sigma of this gateway's own 28-day baseline in the last 7 days; first breach on disconnection_cnt
2026-02-23,2,06238EE3BE6C,38.0,38 hour(s) beyond 3 sigma of this gateway's own 28-day baseline in the last 7 days; first breach on offline_duration_sec
2026-02-23,3,0E1D7CA1DB0C,29.0,29 hour(s) beyond 3 sigma of this gateway's own 28-day baseline in the last 7 days; first breach on disconnection_cnt
2026-02-23,4,02D7623552C8,28.0,28 hour(s) beyond 3 sigma of this gateway's own 28-day baseline in the last 7 days; first breach on disconnection_cnt
2026-02-23,5,0AA473D2FC17,27.0,27 hour(s) beyond 3 sigma of this gateway's own 28-day baseline in the last 7 days; first breach on offline_duration_sec
2026-02-23,6,0E3D96237639,26.0,26 hour(s) beyond 3 sigma of this gateway's own 28-day baseline in the last 7 days; first breach on disconnection_cnt
2026-02-23,7,0A4E33E2692B,26.0,26 hour(s) beyond 3 sigma of this gateway's own 28-day baseline in the last 7 days; first breach on reboot_cnt
2026-02-23,8,0EF023E6452D,26.0,26 hour(s) beyond 3 sigma of this gateway's own 28-day baseline in the last 7 days; first breach on offline_duration_sec
2026-02-23,9,0E69C64B6E57,25.0,25 hour(s) beyond 3 sigma of this gateway's own 28-day baseline in the last 7 days; first breach on offline_duration_sec
2026-02-23,10,060EE3CB4779,25.0,25 hour(s) beyond 3 sigma of this gateway's own 28-day baseline in the last 7 days; first breach on offline_duration_sec
2026-02-23,11,0A800188C20F,22.0,22 hour(s) beyond 3 sigma of this gateway's own 28-day baseline in the last 7 days; first breach on offline_duration_sec
2026-02-23,12,02D49A34B2FE,21.0,21 hour(s) beyond 3 sigma of this gateway's own 28-day baseline in the last 7 days; first breach on offline_duration_sec
2026-02-23,13,0A6324E3E043,20.0,20 hour(s) beyond 3 sigma of this gateway's own 28-day baseline in the last 7 days; first breach on disconnection_cnt
2026-02-23,14,0ABC8E60F4C1,20.0,20 hour(s) beyond 3 sigma of this gateway's own 28-day baseline in the last 7 days; first breach on disconnection_cnt
2026-02-23,15,02F093C88F2E,20.0,20 hour(s) beyond 3 sigma of this gateway's own 28-day baseline in the last 7 days; first breach on disconnection_cnt
2026-03-02,1,0EF023E6452D,30.0,30 hour(s) beyond 3 sigma of this gateway's own 28-day baseline in the last 7 days; first breach on disconnection_cnt
2026-03-02,2,0E5303C82FCB,29.0,29 hour(s) beyond 3 sigma of this gateway's own 28-day baseline in the last 7 days; first breach on disconnection_cnt
2026-03-02,3,024DD3A9ADCA,29.0,29 hour(s) beyond 3 sigma of this gateway's own 28-day baseline in the last 7 days; first breach on offline_duration_sec
2026-03-02,4,028B24EADDAD,25.0,25 hour(s) beyond 3 sigma of this gateway's own 28-day baseline in the last 7 days; first breach on offline_duration_sec
2026-03-02,5,0EE071F7B24A,24.0,24 hour(s) beyond 3 sigma of this gateway's own 28-day baseline in the last 7 days; first breach on disconnection_cnt
2026-03-02,6,0228A99EE35A,24.0,24 hour(s) beyond 3 sigma of this gateway's own 28-day baseline in the last 7 days; first breach on disconnection_cnt
2026-03-02,7,0A8407CF4D85,22.0,22 hour(s) beyond 3 sigma of this gateway's own 28-day baseline in the last 7 days; first breach on disconnection_cnt
2026-03-02,8,0A800188C20F,21.0,21 hour(s) beyond 3 sigma of this gateway's own 28-day baseline in the last 7 days; first breach on disconnection_cnt
2026-03-02,9,02D49A34B2FE,20.0,20 hour(s) beyond 3 sigma of this gateway's own 28-day baseline in the last 7 days; first breach on disconnection_cnt
2026-03-02,10,0E1D7CA1DB0C,19.0,19 hour(s) beyond 3 sigma of this gateway's own 28-day baseline in the last 7 days; first breach on offline_duration_sec
2026-03-02,11,0AA4B065E5A5,18.0,18 hour(s) beyond 3 sigma of this gateway's own 28-day baseline in the last 7 days; first breach on disconnection_cnt
2026-03-02,12,021406F56396,18.0,18 hour(s) beyond 3 sigma of this gateway's own 28-day baseline in the last 7 days; first breach on disconnection_cnt
2026-03-02,13,0E121B6B8661,18.0,18 hour(s) beyond 3 sigma of this gateway's own 28-day baseline in the last 7 days; first breach on offline_duration_sec
2026-03-02,14,060EE3CB4779,18.0,18 hour(s) beyond 3 sigma of this gateway's own 28-day baseline in the last 7 days; first breach on disconnection_cnt
2026-03-02,15,06AEE181F595,17.0,17 hour(s) beyond 3 sigma of this gateway's own 28-day baseline in the last 7 days; first breach on disconnection_cnt
2026-03-09,1,0ABC8E60F4C1,25.0,25 hour(s) beyond 3 sigma of this gateway's own 28-day baseline in the last 7 days; first breach on reboot_cnt
2026-03-09,2,06AEE181F595,25.0,25 hour(s) beyond 3 sigma of this gateway's own 28-day baseline in the last 7 days; first breach on disconnection_cnt
2026-03-09,3,0A6324E3E043,24.0,24 hour(s) beyond 3 sigma of this gateway's own 28-day baseline in the last 7 days; first breach on disconnection_cnt
2026-03-09,4,029DA26B1A92,24.0,24 hour(s) beyond 3 sigma of this gateway's own 28-day baseline in the last 7 days; first breach on disconnection_cnt
2026-03-09,5,024DD3A9ADCA,24.0,24 hour(s) beyond 3 sigma of this gateway's own 28-day baseline in the last 7 days; first breach on offline_duration_sec
2026-03-09,6,02F5CE7705EC,23.0,23 hour(s) beyond 3 sigma of this gateway's own 28-day baseline in the last 7 days; first breach on disconnection_cnt
2026-03-09,7,0E5303C82FCB,23.0,23 hour(s) beyond 3 sigma of this gateway's own 28-day baseline in the last 7 days; first breach on disconnection_cnt
2026-03-09,8,02075B45BF24,22.0,22 hour(s) beyond 3 sigma of this gateway's own 28-day baseline in the last 7 days; first breach on disconnection_cnt
2026-03-09,9,06C77FEA9550,21.0,21 hour(s) beyond 3 sigma of this gateway's own 28-day baseline in the last 7 days; first breach on offline_duration_sec
2026-03-09,10,06F170E6BB03,21.0,21 hour(s) beyond 3 sigma of this gateway's own 28-day baseline in the last 7 days; first breach on reboot_cnt
2026-03-09,11,028B24EADDAD,20.0,20 hour(s) beyond 3 sigma of this gateway's own 28-day baseline in the last 7 days; first breach on disconnection_cnt
2026-03-09,12,0E41CF7F74D5,18.0,18 hour(s) beyond 3 sigma of this gateway's own 28-day baseline in the last 7 days; first breach on offline_duration_sec
2026-03-09,13,0E2DEE345837,18.0,18 hour(s) beyond 3 sigma of this gateway's own 28-day baseline in the last 7 days; first breach on disconnection_cnt
2026-03-09,14,0257E855DBCE,17.0,17 hour(s) beyond 3 sigma of this gateway's own 28-day baseline in the last 7 days; first breach on disconnection_cnt
2026-03-09,15,0EE071F7B24A,17.0,17 hour(s) beyond 3 sigma of this gateway's own 28-day baseline in the last 7 days; first breach on disconnection_cnt
2026-03-16,1,0A182EFD3C61,40.0,40 hour(s) beyond 3 sigma of this gateway's own 28-day baseline in the last 7 days; first breach on disconnection_cnt
2026-03-16,2,060C5773A61B,26.0,26 hour(s) beyond 3 sigma of this gateway's own 28-day baseline in the last 7 days; first breach on offline_duration_sec
2026-03-16,3,0A6324E3E043,21.0,21 hour(s) beyond 3 sigma of this gateway's own 28-day baseline in the last 7 days; first breach on disconnection_cnt
2026-03-16,4,0ABC8E60F4C1,20.0,20 hour(s) beyond 3 sigma of this gateway's own 28-day baseline in the last 7 days; first breach on disconnection_cnt
2026-03-16,5,0A268A7E40CD,20.0,20 hour(s) beyond 3 sigma of this gateway's own 28-day baseline in the last 7 days; first breach on disconnection_cnt
2026-03-16,6,0656377B3078,20.0,20 hour(s) beyond 3 sigma of this gateway's own 28-day baseline in the last 7 days; first breach on disconnection_cnt
2026-03-16,7,02F5CE7705EC,19.0,19 hour(s) beyond 3 sigma of this gateway's own 28-day baseline in the last 7 days; first breach on offline_duration_sec
2026-03-16,8,0230EEF72435,18.0,18 hour(s) beyond 3 sigma of this gateway's own 28-day baseline in the last 7 days; first breach on disconnection_cnt
2026-03-16,9,0A184A2E46B7,18.0,18 hour(s) beyond 3 sigma of this gateway's own 28-day baseline in the last 7 days; first breach on disconnection_cnt
2026-03-16,10,06AEE181F595,18.0,18 hour(s) beyond 3 sigma of this gateway's own 28-day baseline in the last 7 days; first breach on disconnection_cnt
2026-03-16,11,0A9A3BFD6C9B,17.0,17 hour(s) beyond 3 sigma of this gateway's own 28-day baseline in the last 7 days; first breach on disconnection_cnt
2026-03-16,12,06F170E6BB03,17.0,17 hour(s) beyond 3 sigma of this gateway's own 28-day baseline in the last 7 days; first breach on reboot_cnt
2026-03-16,13,028B24EADDAD,17.0,17 hour(s) beyond 3 sigma of this gateway's own 28-day baseline in the last 7 days; first breach on offline_duration_sec
2026-03-16,14,06DAF11BD38F,17.0,17 hour(s) beyond 3 sigma of this gateway's own 28-day baseline in the last 7 days; first breach on disconnection_cnt
2026-03-16,15,0A6D3595373D,15.0,15 hour(s) beyond 3 sigma of this gateway's own 28-day baseline in the last 7 days; first breach on disconnection_cnt
2026-03-23,1,0687F36E02C6,28.0,28 hour(s) beyond 3 sigma of this gateway's own 28-day baseline in the last 7 days; first breach on offline_duration_sec
2026-03-23,2,0E121B6B8661,25.0,25 hour(s) beyond 3 sigma of this gateway's own 28-day baseline in the last 7 days; first breach on reboot_cnt
2026-03-23,3,060C5773A61B,24.0,24 hour(s) beyond 3 sigma of this gateway's own 28-day baseline in the last 7 days; first breach on offline_duration_sec
2026-03-23,4,0A182EFD3C61,23.0,23 hour(s) beyond 3 sigma of this gateway's own 28-day baseline in the last 7 days; first breach on disconnection_cnt
2026-03-23,5,02F5CE7705EC,21.0,21 hour(s) beyond 3 sigma of this gateway's own 28-day baseline in the last 7 days; first breach on offline_duration_sec
2026-03-23,6,021406F56396,21.0,21 hour(s) beyond 3 sigma of this gateway's own 28-day baseline in the last 7 days; first breach on disconnection_cnt
2026-03-23,7,0230D261A1CD,20.0,20 hour(s) beyond 3 sigma of this gateway's own 28-day baseline in the last 7 days; first breach on offline_duration_sec
2026-03-23,8,0EE587927263,19.0,19 hour(s) beyond 3 sigma of this gateway's own 28-day baseline in the last 7 days; first breach on offline_duration_sec
2026-03-23,9,0EE51B79E853,19.0,19 hour(s) beyond 3 sigma of this gateway's own 28-day baseline in the last 7 days; first breach on offline_duration_sec
2026-03-23,10,0ABE42BE4165,19.0,19 hour(s) beyond 3 sigma of this gateway's own 28-day baseline in the last 7 days; first breach on offline_duration_sec
2026-03-23,11,06AEE181F595,18.0,18 hour(s) beyond 3 sigma of this gateway's own 28-day baseline in the last 7 days; first breach on disconnection_cnt
2026-03-23,12,0E5A9CEA8093,17.0,17 hour(s) beyond 3 sigma of this gateway's own 28-day baseline in the last 7 days; first breach on disconnection_cnt
2026-03-23,13,0EF47B410B41,17.0,17 hour(s) beyond 3 sigma of this gateway's own 28-day baseline in the last 7 days; first breach on disconnection_cnt
2026-03-23,14,0217820BFFB2,16.0,16 hour(s) beyond 3 sigma of this gateway's own 28-day baseline in the last 7 days; first breach on offline_duration_sec
2026-03-23,15,0A800188C20F,15.0,15 hour(s) beyond 3 sigma of this gateway's own 28-day baseline in the last 7 days; first breach on disconnection_cnt
